<?xml version="1.0"?>

<!-- generated on 2012-03-11 22:54:09 by SUMO gui Version 0.14.0
<?xml version="1.0" encoding="UTF-8"?>

<configuration xmlns:xsi="http://www.w3.org/2001/XMLSchema-instance" xsi:noNamespaceSchemaLocation="http://sumo.sf.net/xsd/sumo-gui.exeConfiguration.xsd">

    <input>
        <net-file value="double_t.net.xml"/>
        <route-files value="double_t.rou.xml"/>
        <additional-files value="double_t_e1.add.xml"/>
    </input>

    <processing>
        <time-to-teleport value="-1"/>
    </processing>

    <traci_server>
        <remote-port value="8813"/>
    </traci_server>

    <gui_only>
        <gui-settings-file value="gui-settings.xml"/>
    </gui_only>

</configuration>
-->

<detector>
   <interval begin="0.00" end="60.00" id="e1det_BAve~WB_0" nVehContrib="6" flow="360.00" occupancy="12.81" speed="6.50" length="8.33" nVehEntered="6"/>
   <interval begin="0.00" end="60.00" id="e1det_BAve~WB_1" nVehContrib="3" flow="180.00" occupancy="3.66" speed="7.24" length="5.33" nVehEntered="3"/>
   <interval begin="0.00" end="60.00" id="e1det_BAve~EB_0" nVehContrib="0" flow="0.00" occupancy="0.00" speed="-1.00" length="-1.00" nVehEntered="0"/>
   <interval begin="0.00" end="60.00" id="e1det_BAve~EB_1" nVehContrib="0" flow="0.00" occupancy="0.00" speed="-1.00" length="-1.00" nVehEntered="0"/>
   <interval begin="0.00" end="60.00" id="e1det_Pell~WB_0" nVehContrib="13" flow="780.00" occupancy="21.18" speed="7.30" length="6.38" nVehEntered="13"/>
   <interval begin="0.00" end="60.00" id="e1det_Pell~WB_1" nVehContrib="0" flow="0.00" occupancy="0.00" speed="-1.00" length="-1.00" nVehEntered="0"/>
   <interval begin="0.00" end="60.00" id="e1det_RKL~SB_0" nVehContrib="7" flow="420.00" occupancy="13.87" speed="7.22" length="7.71" nVehEntered="17"/>
   <interval begin="0.00" end="60.00" id="e1det_RKL~SB_1" nVehContrib="7" flow="420.00" occupancy="9.26" speed="7.20" length="5.71" nVehEntered="8"/>
   <interval begin="0.00" end="60.00" id="e1det_Best~EB_0" nVehContrib="2" flow="120.00" occupancy="2.82" speed="7.09" length="6.00" nVehEntered="12"/>
   <interval begin="0.00" end="60.00" id="e1det_Best~EB_1" nVehContrib="8" flow="480.00" occupancy="12.53" speed="7.30" length="6.88" nVehEntered="8"/>
   <interval begin="0.00" end="60.00" id="e1det_SteS~SB_0" nVehContrib="0" flow="0.00" occupancy="0.00" speed="-1.00" length="-1.00" nVehEntered="0"/>
   <interval begin="60.00" end="120.00" id="e1det_BAve~WB_0" nVehContrib="9" flow="540.00" occupancy="16.10" speed="6.52" length="6.78" nVehEntered="9"/>
   <interval begin="60.00" end="120.00" id="e1det_BAve~WB_1" nVehContrib="10" flow="600.00" occupancy="16.78" speed="6.70" length="6.70" nVehEntered="10"/>
   <interval begin="60.00" end="120.00" id="e1det_BAve~EB_0" nVehContrib="2" flow="120.00" occupancy="2.68" speed="7.48" length="6.00" nVehEntered="3"/>
   <interval begin="60.00" end="120.00" id="e1det_BAve~EB_1" nVehContrib="0" flow="0.00" occupancy="0.00" speed="-1.00" length="-1.00" nVehEntered="0"/>
   <interval begin="60.00" end="120.00" id="e1det_Pell~WB_0" nVehContrib="11" flow="660.00" occupancy="24.10" speed="6.50" length="7.09" nVehEntered="15"/>
   <interval begin="60.00" end="120.00" id="e1det_Pell~WB_1" nVehContrib="3" flow="180.00" occupancy="4.09" speed="7.34" length="6.00" nVehEntered="3"/>
   <interval begin="60.00" end="120.00" id="e1det_RKL~SB_0" nVehContrib="13" flow="780.00" occupancy="46.85" speed="5.66" length="5.69" nVehEntered="27"/>
   <interval begin="60.00" end="120.00" id="e1det_RKL~SB_1" nVehContrib="9" flow="540.00" occupancy="39.15" speed="5.22" length="6.00" nVehEntered="12"/>
   <interval begin="60.00" end="120.00" id="e1det_Best~EB_0" nVehContrib="3" flow="180.00" occupancy="3.73" speed="7.14" length="5.33" nVehEntered="12"/>
   <interval begin="60.00" end="120.00" id="e1det_Best~EB_1" nVehContrib="7" flow="420.00" occupancy="34.06" speed="5.20" length="5.71" nVehEntered="7"/>
   <interval begin="60.00" end="120.00" id="e1det_SteS~SB_0" nVehContrib="4" flow="240.00" occupancy="11.69" speed="3.44" length="6.00" nVehEntered="4"/>
   <interval begin="120.00" end="180.00" id="e1det_BAve~WB_0" nVehContrib="7" flow="420.00" occupancy="17.01" speed="4.75" length="6.71" nVehEntered="7"/>
   <interval begin="120.00" end="180.00" id="e1det_BAve~WB_1" nVehContrib="6" flow="360.00" occupancy="13.13" speed="5.27" length="6.00" nVehEntered="6"/>
   <interval begin="120.00" end="180.00" id="e1det_BAve~EB_0" nVehContrib="0" flow="0.00" occupancy="0.00" speed="-1.00" length="-1.00" nVehEntered="1"/>
   <interval begin="120.00" end="180.00" id="e1det_BAve~EB_1" nVehContrib="1" flow="60.00" occupancy="1.43" speed="7.01" length="6.00" nVehEntered="1"/>
   <interval begin="120.00" end="180.00" id="e1det_Pell~WB_0" nVehContrib="6" flow="360.00" occupancy="46.77" speed="6.71" length="5.00" nVehEntered="12"/>
   <interval begin="120.00" end="180.00" id="e1det_Pell~WB_1" nVehContrib="0" flow="0.00" occupancy="0.00" speed="-1.00" length="-1.00" nVehEntered="0"/>
   <interval begin="120.00" end="180.00" id="e1det_RKL~SB_0" nVehContrib="9" flow="540.00" occupancy="59.51" speed="3.39" length="6.78" nVehEntered="29"/>
   <interval begin="120.00" end="180.00" id="e1det_RKL~SB_1" nVehContrib="13" flow="780.00" occupancy="60.42" speed="4.42" length="6.00" nVehEntered="17"/>
   <interval begin="120.00" end="180.00" id="e1det_Best~EB_0" nVehContrib="4" flow="240.00" occupancy="12.95" speed="3.18" length="5.50" nVehEntered="10"/>
   <interval begin="120.00" end="180.00" id="e1det_Best~EB_1" nVehContrib="2" flow="120.00" occupancy="94.64" speed="1.08" length="6.00" nVehEntered="2"/>
   <interval begin="120.00" end="180.00" id="e1det_SteS~SB_0" nVehContrib="5" flow="300.00" occupancy="13.93" speed="3.59" length="6.00" nVehEntered="5"/>
   <interval begin="180.00" end="240.00" id="e1det_BAve~WB_0" nVehContrib="9" flow="540.00" occupancy="15.78" speed="5.88" length="6.00" nVehEntered="9"/>
   <interval begin="180.00" end="240.00" id="e1det_BAve~WB_1" nVehContrib="7" flow="420.00" occupancy="12.08" speed="5.99" length="6.00" nVehEntered="7"/>
   <interval begin="180.00" end="240.00" id="e1det_BAve~EB_0" nVehContrib="0" flow="0.00" occupancy="0.00" speed="-1.00" length="-1.00" nVehEntered="0"/>
   <interval begin="180.00" end="240.00" id="e1det_BAve~EB_1" nVehContrib="3" flow="180.00" occupancy="4.69" speed="6.44" length="6.00" nVehEntered="3"/>
   <interval begin="180.00" end="240.00" id="e1det_Pell~WB_0" nVehContrib="2" flow="120.00" occupancy="95.55" speed="0.91" length="6.00" nVehEntered="6"/>
   <interval begin="180.00" end="240.00" id="e1det_Pell~WB_1" nVehContrib="1" flow="60.00" occupancy="52.54" speed="0.91" length="4.00" nVehEntered="1"/>
   <interval begin="180.00" end="240.00" id="e1det_RKL~SB_0" nVehContrib="10" flow="600.00" occupancy="58.41" speed="5.04" length="6.00" nVehEntered="26"/>
   <interval begin="180.00" end="240.00" id="e1det_RKL~SB_1" nVehContrib="10" flow="600.00" occupancy="65.10" speed="4.34" length="5.80" nVehEntered="13"/>
   <interval begin="180.00" end="240.00" id="e1det_Best~EB_0" nVehContrib="5" flow="300.00" occupancy="68.23" speed="1.97" length="7.40" nVehEntered="7"/>
   <interval begin="180.00" end="240.00" id="e1det_Best~EB_1" nVehContrib="1" flow="60.00" occupancy="93.12" speed="0.15" length="6.00" nVehEntered="1"/>
   <interval begin="180.00" end="240.00" id="e1det_SteS~SB_0" nVehContrib="5" flow="300.00" occupancy="16.73" speed="3.49" length="7.00" nVehEntered="5"/>
   <interval begin="240.00" end="300.00" id="e1det_BAve~WB_0" nVehContrib="10" flow="600.00" occupancy="16.60" speed="6.08" length="5.80" nVehEntered="11"/>
   <interval begin="240.00" end="300.00" id="e1det_BAve~WB_1" nVehContrib="7" flow="420.00" occupancy="13.38" speed="6.32" length="6.43" nVehEntered="7"/>
   <interval begin="240.00" end="300.00" id="e1det_BAve~EB_0" nVehContrib="0" flow="0.00" occupancy="0.00" speed="-1.00" length="-1.00" nVehEntered="0"/>
   <interval begin="240.00" end="300.00" id="e1det_BAve~EB_1" nVehContrib="3" flow="180.00" occupancy="4.91" speed="6.18" length="6.00" nVehEntered="3"/>
   <interval begin="240.00" end="300.00" id="e1det_Pell~WB_0" nVehContrib="1" flow="60.00" occupancy="97.73" speed="0.08" length="6.00" nVehEntered="2"/>
   <interval begin="240.00" end="300.00" id="e1det_Pell~WB_1" nVehContrib="1" flow="60.00" occupancy="97.53" speed="0.08" length="6.00" nVehEntered="1"/>
   <interval begin="240.00" end="300.00" id="e1det_RKL~SB_0" nVehContrib="15" flow="900.00" occupancy="41.87" speed="4.55" length="5.60" nVehEntered="31"/>
   <interval begin="240.00" end="300.00" id="e1det_RKL~SB_1" nVehContrib="18" flow="1080.00" occupancy="54.65" speed="4.38" length="6.67" nVehEntered="21"/>
   <interval begin="240.00" end="300.00" id="e1det_Best~EB_0" nVehContrib="3" flow="180.00" occupancy="88.40" speed="0.67" length="5.33" nVehEntered="3"/>
   <interval begin="240.00" end="300.00" id="e1det_Best~EB_1" nVehContrib="0" flow="0.00" occupancy="100.00" speed="-1.00" length="-1.00" nVehEntered="0"/>
   <interval begin="240.00" end="300.00" id="e1det_SteS~SB_0" nVehContrib="4" flow="240.00" occupancy="10.62" speed="3.46" length="5.50" nVehEntered="4"/>
   <interval begin="300.00" end="360.00" id="e1det_BAve~WB_0" nVehContrib="11" flow="660.00" occupancy="16.48" speed="6.34" length="5.64" nVehEntered="14"/>
   <interval begin="300.00" end="360.00" id="e1det_BAve~WB_1" nVehContrib="4" flow="240.00" occupancy="5.58" speed="7.17" length="6.00" nVehEntered="4"/>
   <interval begin="300.00" end="360.00" id="e1det_BAve~EB_0" nVehContrib="0" flow="0.00" occupancy="0.00" speed="-1.00" length="-1.00" nVehEntered="0"/>
   <interval begin="300.00" end="360.00" id="e1det_BAve~EB_1" nVehContrib="2" flow="120.00" occupancy="2.90" speed="5.72" length="5.00" nVehEntered="2"/>
   <interval begin="300.00" end="360.00" id="e1det_Pell~WB_0" nVehContrib="3" flow="180.00" occupancy="93.46" speed="1.17" length="6.00" nVehEntered="5"/>
   <interval begin="300.00" end="360.00" id="e1det_Pell~WB_1" nVehContrib="3" flow="180.00" occupancy="92.13" speed="1.59" length="6.00" nVehEntered="3"/>
   <interval begin="300.00" end="360.00" id="e1det_RKL~SB_0" nVehContrib="10" flow="600.00" occupancy="49.58" speed="4.42" length="5.60" nVehEntered="28"/>
   <interval begin="300.00" end="360.00" id="e1det_RKL~SB_1" nVehContrib="17" flow="1020.00" occupancy="29.95" speed="6.01" length="6.29" nVehEntered="18"/>
   <interval begin="300.00" end="360.00" id="e1det_Best~EB_0" nVehContrib="2" flow="120.00" occupancy="91.90" speed="0.23" length="6.00" nVehEntered="2"/>
   <interval begin="300.00" end="360.00" id="e1det_Best~EB_1" nVehContrib="0" flow="0.00" occupancy="100.00" speed="-1.00" length="-1.00" nVehEntered="0"/>
   <interval begin="300.00" end="360.00" id="e1det_SteS~SB_0" nVehContrib="5" flow="300.00" occupancy="16.35" speed="3.55" length="7.00" nVehEntered="5"/>
   <interval begin="360.00" end="420.00" id="e1det_BAve~WB_0" nVehContrib="8" flow="480.00" occupancy="14.89" speed="5.73" length="5.75" nVehEntered="8"/>
   <interval begin="360.00" end="420.00" id="e1det_BAve~WB_1" nVehContrib="7" flow="420.00" occupancy="9.79" speed="6.53" length="5.43" nVehEntered="7"/>
   <interval begin="360.00" end="420.00" id="e1det_BAve~EB_0" nVehContrib="0" flow="0.00" occupancy="0.00" speed="-1.00" length="-1.00" nVehEntered="0"/>
   <interval begin="360.00" end="420.00" id="e1det_BAve~EB_1" nVehContrib="0" flow="0.00" occupancy="0.00" speed="-1.00" length="-1.00" nVehEntered="0"/>
   <interval begin="360.00" end="420.00" id="e1det_Pell~WB_0" nVehContrib="8" flow="480.00" occupancy="81.43" speed="1.48" length="5.75" nVehEntered="13"/>
   <interval begin="360.00" end="420.00" id="e1det_Pell~WB_1" nVehContrib="3" flow="180.00" occupancy="93.17" speed="1.35" length="4.67" nVehEntered="3"/>
   <interval begin="360.00" end="420.00" id="e1det_RKL~SB_0" nVehContrib="13" flow="780.00" occupancy="53.51" speed="4.50" length="5.54" nVehEntered="27"/>
   <interval begin="360.00" end="420.00" id="e1det_RKL~SB_1" nVehContrib="11" flow="660.00" occupancy="47.36" speed="4.46" length="6.00" nVehEntered="15"/>
   <interval begin="360.00" end="420.00" id="e1det_Best~EB_0" nVehContrib="2" flow="120.00" occupancy="92.37" speed="0.43" length="6.00" nVehEntered="2"/>
   <interval begin="360.00" end="420.00" id="e1det_Best~EB_1" nVehContrib="0" flow="0.00" occupancy="100.00" speed="-1.00" length="-1.00" nVehEntered="0"/>
   <interval begin="360.00" end="420.00" id="e1det_SteS~SB_0" nVehContrib="5" flow="300.00" occupancy="17.79" speed="3.48" length="7.40" nVehEntered="5"/>
   <interval begin="420.00" end="480.00" id="e1det_BAve~WB_0" nVehContrib="12" flow="720.00" occupancy="23.78" speed="5.45" length="5.83" nVehEntered="13"/>
   <interval begin="420.00" end="480.00" id="e1det_BAve~WB_1" nVehContrib="4" flow="240.00" occupancy="12.53" speed="4.99" length="7.75" nVehEntered="4"/>
   <interval begin="420.00" end="480.00" id="e1det_BAve~EB_0" nVehContrib="0" flow="0.00" occupancy="0.00" speed="-1.00" length="-1.00" nVehEntered="0"/>
   <interval begin="420.00" end="480.00" id="e1det_BAve~EB_1" nVehContrib="4" flow="240.00" occupancy="7.72" speed="6.78" length="7.75" nVehEntered="4"/>
   <interval begin="420.00" end="480.00" id="e1det_Pell~WB_0" nVehContrib="11" flow="660.00" occupancy="70.56" speed="4.99" length="5.82" nVehEntered="11"/>
   <interval begin="420.00" end="480.00" id="e1det_Pell~WB_1" nVehContrib="1" flow="60.00" occupancy="97.65" speed="0.29" length="6.00" nVehEntered="1"/>
   <interval begin="420.00" end="480.00" id="e1det_RKL~SB_0" nVehContrib="11" flow="660.00" occupancy="47.07" speed="4.28" length="6.00" nVehEntered="30"/>
   <interval begin="420.00" end="480.00" id="e1det_RKL~SB_1" nVehContrib="14" flow="840.00" occupancy="53.45" speed="4.65" length="6.71" nVehEntered="17"/>
   <interval begin="420.00" end="480.00" id="e1det_Best~EB_0" nVehContrib="2" flow="120.00" occupancy="89.29" speed="1.10" length="5.00" nVehEntered="2"/>
   <interval begin="420.00" end="480.00" id="e1det_Best~EB_1" nVehContrib="0" flow="0.00" occupancy="100.00" speed="-1.00" length="-1.00" nVehEntered="0"/>
   <interval begin="420.00" end="480.00" id="e1det_SteS~SB_0" nVehContrib="5" flow="300.00" occupancy="17.22" speed="3.38" length="7.00" nVehEntered="5"/>
   <interval begin="480.00" end="540.00" id="e1det_BAve~WB_0" nVehContrib="9" flow="540.00" occupancy="15.48" speed="5.84" length="5.78" nVehEntered="9"/>
   <interval begin="480.00" end="540.00" id="e1det_BAve~WB_1" nVehContrib="9" flow="540.00" occupancy="19.25" speed="6.18" length="6.56" nVehEntered="9"/>
   <interval begin="480.00" end="540.00" id="e1det_BAve~EB_0" nVehContrib="0" flow="0.00" occupancy="0.00" speed="-1.00" length="-1.00" nVehEntered="1"/>
   <interval begin="480.00" end="540.00" id="e1det_BAve~EB_1" nVehContrib="3" flow="180.00" occupancy="6.59" speed="6.12" length="8.33" nVehEntered="3"/>
   <interval begin="480.00" end="540.00" id="e1det_Pell~WB_0" nVehContrib="0" flow="0.00" occupancy="100.00" speed="-1.00" length="-1.00" nVehEntered="4"/>
   <interval begin="480.00" end="540.00" id="e1det_Pell~WB_1" nVehContrib="4" flow="240.00" occupancy="90.33" speed="1.69" length="5.50" nVehEntered="4"/>
   <interval begin="480.00" end="540.00" id="e1det_RKL~SB_0" nVehContrib="10" flow="600.00" occupancy="48.41" speed="5.65" length="6.70" nVehEntered="26"/>
   <interval begin="480.00" end="540.00" id="e1det_RKL~SB_1" nVehContrib="10" flow="600.00" occupancy="51.08" speed="4.17" length="6.30" nVehEntered="15"/>
   <interval begin="480.00" end="540.00" id="e1det_Best~EB_0" nVehContrib="5" flow="300.00" occupancy="81.18" speed="0.72" length="4.40" nVehEntered="5"/>
   <interval begin="480.00" end="540.00" id="e1det_Best~EB_1" nVehContrib="1" flow="60.00" occupancy="84.86" speed="0.02" length="6.00" nVehEntered="1"/>
   <interval begin="480.00" end="540.00" id="e1det_SteS~SB_0" nVehContrib="5" flow="300.00" occupancy="14.36" speed="3.49" length="6.00" nVehEntered="5"/>
   <interval begin="540.00" end="600.00" id="e1det_BAve~WB_0" nVehContrib="10" flow="600.00" occupancy="15.31" speed="6.46" length="5.80" nVehEntered="10"/>
   <interval begin="540.00" end="600.00" id="e1det_BAve~WB_1" nVehContrib="7" flow="420.00" occupancy="12.28" speed="6.02" length="5.71" nVehEntered="7"/>
   <interval begin="540.00" end="600.00" id="e1det_BAve~EB_0" nVehContrib="0" flow="0.00" occupancy="0.00" speed="-1.00" length="-1.00" nVehEntered="0"/>
   <interval begin="540.00" end="600.00" id="e1det_BAve~EB_1" nVehContrib="2" flow="120.00" occupancy="3.43" speed="5.84" length="6.00" nVehEntered="2"/>
   <interval begin="540.00" end="600.00" id="e1det_Pell~WB_0" nVehContrib="5" flow="300.00" occupancy="87.62" speed="2.63" length="5.60" nVehEntered="6"/>
   <interval begin="540.00" end="600.00" id="e1det_Pell~WB_1" nVehContrib="2" flow="120.00" occupancy="95.16" speed="1.00" length="6.00" nVehEntered="2"/>
   <interval begin="540.00" end="600.00" id="e1det_RKL~SB_0" nVehContrib="12" flow="720.00" occupancy="54.81" speed="4.23" length="5.67" nVehEntered="26"/>
   <interval begin="540.00" end="600.00" id="e1det_RKL~SB_1" nVehContrib="13" flow="780.00" occupancy="47.70" speed="5.70" length="5.85" nVehEntered="14"/>
   <interval begin="540.00" end="600.00" id="e1det_Best~EB_0" nVehContrib="3" flow="180.00" occupancy="93.22" speed="0.68" length="5.33" nVehEntered="4"/>
   <interval begin="540.00" end="600.00" id="e1det_Best~EB_1" nVehContrib="0" flow="0.00" occupancy="100.00" speed="-1.00" length="-1.00" nVehEntered="0"/>
   <interval begin="540.00" end="600.00" id="e1det_SteS~SB_0" nVehContrib="4" flow="240.00" occupancy="12.69" speed="3.34" length="5.50" nVehEntered="4"/>
   <interval begin="600.00" end="660.00" id="e1det_BAve~WB_0" nVehContrib="13" flow="780.00" occupancy="29.09" speed="5.26" length="5.85" nVehEntered="14"/>
   <interval begin="600.00" end="660.00" id="e1det_BAve~WB_1" nVehContrib="11" flow="660.00" occupancy="19.23" speed="6.20" length="5.64" nVehEntered="11"/>
   <interval begin="600.00" end="660.00" id="e1det_BAve~EB_0" nVehContrib="0" flow="0.00" occupancy="0.00" speed="-1.00" length="-1.00" nVehEntered="0"/>
   <interval begin="600.00" end="660.00" id="e1det_BAve~EB_1" nVehContrib="4" flow="240.00" occupancy="5.45" speed="6.81" length="5.50" nVehEntered="4"/>
   <interval begin="600.00" end="660.00" id="e1det_Pell~WB_0" nVehContrib="0" flow="0.00" occupancy="100.00" speed="-1.00" length="-1.00" nVehEntered="0"/>
   <interval begin="600.00" end="660.00" id="e1det_Pell~WB_1" nVehContrib="0" flow="0.00" occupancy="100.00" speed="-1.00" length="-1.00" nVehEntered="0"/>
   <interval begin="600.00" end="660.00" id="e1det_RKL~SB_0" nVehContrib="15" flow="900.00" occupancy="58.97" speed="3.59" length="5.60" nVehEntered="32"/>
   <interval begin="600.00" end="660.00" id="e1det_RKL~SB_1" nVehContrib="15" flow="900.00" occupancy="62.23" speed="3.95" length="6.33" nVehEntered="18"/>
   <interval begin="600.00" end="660.00" id="e1det_Best~EB_0" nVehContrib="2" flow="120.00" occupancy="93.59" speed="0.19" length="6.00" nVehEntered="3"/>
   <interval begin="600.00" end="660.00" id="e1det_Best~EB_1" nVehContrib="1" flow="60.00" occupancy="79.73" speed="0.04" length="6.00" nVehEntered="1"/>
   <interval begin="600.00" end="660.00" id="e1det_SteS~SB_0" nVehContrib="5" flow="300.00" occupancy="11.50" speed="3.52" length="5.60" nVehEntered="5"/>
   <interval begin="660.00" end="720.00" id="e1det_BAve~WB_0" nVehContrib="9" flow="540.00" occupancy="15.21" speed="6.24" length="5.56" nVehEntered="9"/>
   <interval begin="660.00" end="720.00" id="e1det_BAve~WB_1" nVehContrib="5" flow="300.00" occupancy="9.08" speed="6.12" length="5.60" nVehEntered="5"/>
   <interval begin="660.00" end="720.00" id="e1det_BAve~EB_0" nVehContrib="0" flow="0.00" occupancy="0.00" speed="-1.00" length="-1.00" nVehEntered="0"/>
   <interval begin="660.00" end="720.00" id="e1det_BAve~EB_1" nVehContrib="3" flow="180.00" occupancy="5.18" speed="5.79" length="6.00" nVehEntered="3"/>
   <interval begin="660.00" end="720.00" id="e1det_Pell~WB_0" nVehContrib="2" flow="120.00" occupancy="95.77" speed="0.85" length="5.00" nVehEntered="2"/>
   <interval begin="660.00" end="720.00" id="e1det_Pell~WB_1" nVehContrib="1" flow="60.00" occupancy="98.27" speed="0.05" length="6.00" nVehEntered="1"/>
   <interval begin="660.00" end="720.00" id="e1det_RKL~SB_0" nVehContrib="10" flow="600.00" occupancy="63.64" speed="3.40" length="5.80" nVehEntered="24"/>
   <interval begin="660.00" end="720.00" id="e1det_RKL~SB_1" nVehContrib="10" flow="600.00" occupancy="73.42" speed="3.54" length="6.00" nVehEntered="12"/>
   <interval begin="660.00" end="720.00" id="e1det_Best~EB_0" nVehContrib="2" flow="120.00" occupancy="96.05" speed="0.18" length="6.00" nVehEntered="2"/>
   <interval begin="660.00" end="720.00" id="e1det_Best~EB_1" nVehContrib="0" flow="0.00" occupancy="69.39" speed="-1.00" length="-1.00" nVehEntered="0"/>
   <interval begin="660.00" end="720.00" id="e1det_SteS~SB_0" nVehContrib="5" flow="300.00" occupancy="15.02" speed="3.34" length="6.00" nVehEntered="5"/>
   <interval begin="720.00" end="780.00" id="e1det_BAve~WB_0" nVehContrib="9" flow="540.00" occupancy="13.58" speed="6.07" length="5.78" nVehEntered="9"/>
   <interval begin="720.00" end="780.00" id="e1det_BAve~WB_1" nVehContrib="7" flow="420.00" occupancy="14.14" speed="5.81" length="6.00" nVehEntered="7"/>
   <interval begin="720.00" end="780.00" id="e1det_BAve~EB_0" nVehContrib="0" flow="0.00" occupancy="0.00" speed="-1.00" length="-1.00" nVehEntered="0"/>
   <interval begin="720.00" end="780.00" id="e1det_BAve~EB_1" nVehContrib="3" flow="180.00" occupancy="5.17" speed="5.82" length="6.00" nVehEntered="3"/>
   <interval begin="720.00" end="780.00" id="e1det_Pell~WB_0" nVehContrib="0" flow="0.00" occupancy="100.00" speed="-1.00" length="-1.00" nVehEntered="1"/>
   <interval begin="720.00" end="780.00" id="e1det_Pell~WB_1" nVehContrib="0" flow="0.00" occupancy="100.00" speed="-1.00" length="-1.00" nVehEntered="0"/>
   <interval begin="720.00" end="780.00" id="e1det_RKL~SB_0" nVehContrib="10" flow="600.00" occupancy="74.50" speed="3.15" length="6.00" nVehEntered="24"/>
   <interval begin="720.00" end="780.00" id="e1det_RKL~SB_1" nVehContrib="11" flow="660.00" occupancy="73.76" speed="4.03" length="6.45" nVehEntered="13"/>
   <interval begin="720.00" end="780.00" id="e1det_Best~EB_0" nVehContrib="0" flow="0.00" occupancy="100.00" speed="-1.00" length="-1.00" nVehEntered="0"/>
   <interval begin="720.00" end="780.00" id="e1det_Best~EB_1" nVehContrib="0" flow="0.00" occupancy="100.00" speed="-1.00" length="-1.00" nVehEntered="0"/>
   <interval begin="720.00" end="780.00" id="e1det_SteS~SB_0" nVehContrib="5" flow="300.00" occupancy="14.53" speed="3.45" length="6.00" nVehEntered="5"/>
   <interval begin="780.00" end="840.00" id="e1det_BAve~WB_0" nVehContrib="6" flow="360.00" occupancy="12.85" speed="5.22" length="6.00" nVehEntered="6"/>
   <interval begin="780.00" end="840.00" id="e1det_BAve~WB_1" nVehContrib="7" flow="420.00" occupancy="18.09" speed="5.24" length="7.00" nVehEntered="7"/>
   <interval begin="780.00" end="840.00" id="e1det_BAve~EB_0" nVehContrib="0" flow="0.00" occupancy="0.00" speed="-1.00" length="-1.00" nVehEntered="2"/>
   <interval begin="780.00" end="840.00" id="e1det_BAve~EB_1" nVehContrib="2" flow="120.00" occupancy="2.82" speed="7.10" length="6.00" nVehEntered="2"/>
   <interval begin="780.00" end="840.00" id="e1det_Pell~WB_0" nVehContrib="3" flow="180.00" occupancy="93.89" speed="0.97" length="5.33" nVehEntered="5"/>
   <interval begin="780.00" end="840.00" id="e1det_Pell~WB_1" nVehContrib="1" flow="60.00" occupancy="97.95" speed="0.08" length="6.00" nVehEntered="1"/>
   <interval begin="780.00" end="840.00" id="e1det_RKL~SB_0" nVehContrib="7" flow="420.00" occupancy="80.62" speed="2.33" length="5.71" nVehEntered="22"/>
   <interval begin="780.00" end="840.00" id="e1det_RKL~SB_1" nVehContrib="18" flow="1080.00" occupancy="51.29" speed="4.03" length="6.17" nVehEntered="18"/>
   <interval begin="780.00" end="840.00" id="e1det_Best~EB_0" nVehContrib="3" flow="180.00" occupancy="89.78" speed="1.23" length="6.00" nVehEntered="3"/>
   <interval begin="780.00" end="840.00" id="e1det_Best~EB_1" nVehContrib="0" flow="0.00" occupancy="100.00" speed="-1.00" length="-1.00" nVehEntered="0"/>
   <interval begin="780.00" end="840.00" id="e1det_SteS~SB_0" nVehContrib="5" flow="300.00" occupancy="18.42" speed="3.28" length="7.40" nVehEntered="5"/>
   <interval begin="840.00" end="900.00" id="e1det_BAve~WB_0" nVehContrib="9" flow="540.00" occupancy="16.72" speed="6.11" length="5.78" nVehEntered="9"/>
   <interval begin="840.00" end="900.00" id="e1det_BAve~WB_1" nVehContrib="5" flow="300.00" occupancy="8.25" speed="6.85" length="6.00" nVehEntered="5"/>
   <interval begin="840.00" end="900.00" id="e1det_BAve~EB_0" nVehContrib="0" flow="0.00" occupancy="0.00" speed="-1.00" length="-1.00" nVehEntered="0"/>
   <interval begin="840.00" end="900.00" id="e1det_BAve~EB_1" nVehContrib="6" flow="360.00" occupancy="8.80" speed="6.59" length="5.67" nVehEntered="6"/>
   <interval begin="840.00" end="900.00" id="e1det_Pell~WB_0" nVehContrib="0" flow="0.00" occupancy="100.00" speed="-1.00" length="-1.00" nVehEntered="0"/>
   <interval begin="840.00" end="900.00" id="e1det_Pell~WB_1" nVehContrib="0" flow="0.00" occupancy="100.00" speed="-1.00" length="-1.00" nVehEntered="0"/>
   <interval begin="840.00" end="900.00" id="e1det_RKL~SB_0" nVehContrib="16" flow="960.00" occupancy="32.38" speed="5.05" length="5.63" nVehEntered="34"/>
   <interval begin="840.00" end="900.00" id="e1det_RKL~SB_1" nVehContrib="14" flow="840.00" occupancy="29.49" speed="5.32" length="6.00" nVehEntered="19"/>
   <interval begin="840.00" end="900.00" id="e1det_Best~EB_0" nVehContrib="5" flow="300.00" occupancy="82.71" speed="0.94" length="5.20" nVehEntered="7"/>
   <interval begin="840.00" end="900.00" id="e1det_Best~EB_1" nVehContrib="1" flow="60.00" occupancy="95.15" speed="0.03" length="6.00" nVehEntered="1"/>
   <interval begin="840.00" end="900.00" id="e1det_SteS~SB_0" nVehContrib="5" flow="300.00" occupancy="14.17" speed="3.30" length="5.60" nVehEntered="5"/>
   <interval begin="900.00" end="960.00" id="e1det_BAve~WB_0" nVehContrib="11" flow="660.00" occupancy="18.58" speed="5.84" length="5.82" nVehEntered="11"/>
   <interval begin="900.00" end="960.00" id="e1det_BAve~WB_1" nVehContrib="9" flow="540.00" occupancy="14.47" speed="6.21" length="5.78" nVehEntered="9"/>
   <interval begin="900.00" end="960.00" id="e1det_BAve~EB_0" nVehContrib="0" flow="0.00" occupancy="0.00" speed="-1.00" length="-1.00" nVehEntered="0"/>
   <interval begin="900.00" end="960.00" id="e1det_BAve~EB_1" nVehContrib="2" flow="120.00" occupancy="2.74" speed="6.36" length="5.00" nVehEntered="2"/>
   <interval begin="900.00" end="960.00" id="e1det_Pell~WB_0" nVehContrib="0" flow="0.00" occupancy="100.00" speed="-1.00" length="-1.00" nVehEntered="0"/>
   <interval begin="900.00" end="960.00" id="e1det_Pell~WB_1" nVehContrib="1" flow="60.00" occupancy="98.01" speed="0.05" length="6.00" nVehEntered="1"/>
   <interval begin="900.00" end="960.00" id="e1det_RKL~SB_0" nVehContrib="12" flow="720.00" occupancy="48.46" speed="4.24" length="5.50" nVehEntered="31"/>
   <interval begin="900.00" end="960.00" id="e1det_RKL~SB_1" nVehContrib="13" flow="780.00" occupancy="37.31" speed="5.04" length="5.69" nVehEntered="18"/>
   <interval begin="900.00" end="960.00" id="e1det_Best~EB_0" nVehContrib="3" flow="180.00" occupancy="86.74" speed="0.64" length="4.00" nVehEntered="4"/>
   <interval begin="900.00" end="960.00" id="e1det_Best~EB_1" nVehContrib="1" flow="60.00" occupancy="97.67" speed="0.15" length="6.00" nVehEntered="1"/>
   <interval begin="900.00" end="960.00" id="e1det_SteS~SB_0" nVehContrib="4" flow="240.00" occupancy="9.60" speed="3.48" length="5.00" nVehEntered="4"/>
   <interval begin="960.00" end="1020.00" id="e1det_BAve~WB_0" nVehContrib="12" flow="720.00" occupancy="23.72" speed="5.50" length="5.83" nVehEntered="12"/>
   <interval begin="960.00" end="1020.00" id="e1det_BAve~WB_1" nVehContrib="5" flow="300.00" occupancy="10.12" speed="5.31" length="5.60" nVehEntered="5"/>
   <interval begin="960.00" end="1020.00" id="e1det_BAve~EB_0" nVehContrib="0" flow="0.00" occupancy="0.00" speed="-1.00" length="-1.00" nVehEntered="0"/>
   <interval begin="960.00" end="1020.00" id="e1det_BAve~EB_1" nVehContrib="3" flow="180.00" occupancy="4.84" speed="6.26" length="6.00" nVehEntered="3"/>
   <interval begin="960.00" end="1020.00" id="e1det_Pell~WB_0" nVehContrib="0" flow="0.00" occupancy="100.00" speed="-1.00" length="-1.00" nVehEntered="0"/>
   <interval begin="960.00" end="1020.00" id="e1det_Pell~WB_1" nVehContrib="0" flow="0.00" occupancy="100.00" speed="-1.00" length="-1.00" nVehEntered="0"/>
   <interval begin="960.00" end="1020.00" id="e1det_RKL~SB_0" nVehContrib="12" flow="720.00" occupancy="26.53" speed="6.14" length="5.83" nVehEntered="29"/>
   <interval begin="960.00" end="1020.00" id="e1det_RKL~SB_1" nVehContrib="14" flow="840.00" occupancy="54.90" speed="4.94" length="6.36" nVehEntered="17"/>
   <interval begin="960.00" end="1020.00" id="e1det_Best~EB_0" nVehContrib="4" flow="240.00" occupancy="84.18" speed="0.56" length="6.00" nVehEntered="4"/>
   <interval begin="960.00" end="1020.00" id="e1det_Best~EB_1" nVehContrib="0" flow="0.00" occupancy="100.00" speed="-1.00" length="-1.00" nVehEntered="0"/>
   <interval begin="960.00" end="1020.00" id="e1det_SteS~SB_0" nVehContrib="5" flow="300.00" occupancy="14.19" speed="3.30" length="5.60" nVehEntered="5"/>
   <interval begin="1020.00" end="1080.00" id="e1det_BAve~WB_0" nVehContrib="7" flow="420.00" occupancy="13.11" speed="5.62" length="6.00" nVehEntered="7"/>
   <interval begin="1020.00" end="1080.00" id="e1det_BAve~WB_1" nVehContrib="7" flow="420.00" occupancy="13.76" speed="6.32" length="6.71" nVehEntered="7"/>
   <interval begin="1020.00" end="1080.00" id="e1det_BAve~EB_0" nVehContrib="0" flow="0.00" occupancy="0.00" speed="-1.00" length="-1.00" nVehEntered="0"/>
   <interval begin="1020.00" end="1080.00" id="e1det_BAve~EB_1" nVehContrib="3" flow="180.00" occupancy="3.15" speed="6.46" length="4.00" nVehEntered="3"/>
   <interval begin="1020.00" end="1080.00" id="e1det_Pell~WB_0" nVehContrib="12" flow="720.00" occupancy="69.30" speed="4.16" length="5.58" nVehEntered="16"/>
   <interval begin="1020.00" end="1080.00" id="e1det_Pell~WB_1" nVehContrib="3" flow="180.00" occupancy="94.88" speed="0.59" length="5.33" nVehEntered="5"/>
   <interval begin="1020.00" end="1080.00" id="e1det_RKL~SB_0" nVehContrib="12" flow="720.00" occupancy="24.22" speed="5.72" length="5.83" nVehEntered="28"/>
   <interval begin="1020.00" end="1080.00" id="e1det_RKL~SB_1" nVehContrib="12" flow="720.00" occupancy="43.36" speed="5.61" length="6.58" nVehEntered="15"/>
   <interval begin="1020.00" end="1080.00" id="e1det_Best~EB_0" nVehContrib="4" flow="240.00" occupancy="88.57" speed="0.79" length="5.50" nVehEntered="5"/>
   <interval begin="1020.00" end="1080.00" id="e1det_Best~EB_1" nVehContrib="0" flow="0.00" occupancy="100.00" speed="-1.00" length="-1.00" nVehEntered="0"/>
   <interval begin="1020.00" end="1080.00" id="e1det_SteS~SB_0" nVehContrib="5" flow="300.00" occupancy="15.40" speed="3.25" length="6.00" nVehEntered="5"/>
   <interval begin="1080.00" end="1140.00" id="e1det_BAve~WB_0" nVehContrib="9" flow="540.00" occupancy="15.22" speed="5.89" length="5.78" nVehEntered="9"/>
   <interval begin="1080.00" end="1140.00" id="e1det_BAve~WB_1" nVehContrib="8" flow="480.00" occupancy="12.92" speed="6.27" length="6.00" nVehEntered="8"/>
   <interval begin="1080.00" end="1140.00" id="e1det_BAve~EB_0" nVehContrib="0" flow="0.00" occupancy="0.00" speed="-1.00" length="-1.00" nVehEntered="0"/>
   <interval begin="1080.00" end="1140.00" id="e1det_BAve~EB_1" nVehContrib="4" flow="240.00" occupancy="6.08" speed="6.67" length="6.00" nVehEntered="4"/>
   <interval begin="1080.00" end="1140.00" id="e1det_Pell~WB_0" nVehContrib="7" flow="420.00" occupancy="78.60" speed="4.14" length="6.71" nVehEntered="13"/>
   <interval begin="1080.00" end="1140.00" id="e1det_Pell~WB_1" nVehContrib="6" flow="360.00" occupancy="79.64" speed="4.04" length="5.67" nVehEntered="6"/>
   <interval begin="1080.00" end="1140.00" id="e1det_RKL~SB_0" nVehContrib="8" flow="480.00" occupancy="73.70" speed="2.22" length="6.00" nVehEntered="28"/>
   <interval begin="1080.00" end="1140.00" id="e1det_RKL~SB_1" nVehContrib="15" flow="900.00" occupancy="59.20" speed="4.09" length="5.87" nVehEntered="20"/>
   <interval begin="1080.00" end="1140.00" id="e1det_Best~EB_0" nVehContrib="1" flow="60.00" occupancy="95.41" speed="0.20" length="4.00" nVehEntered="1"/>
   <interval begin="1080.00" end="1140.00" id="e1det_Best~EB_1" nVehContrib="0" flow="0.00" occupancy="100.00" speed="-1.00" length="-1.00" nVehEntered="0"/>
   <interval begin="1080.00" end="1140.00" id="e1det_SteS~SB_0" nVehContrib="5" flow="300.00" occupancy="14.49" speed="3.46" length="6.00" nVehEntered="5"/>
   <interval begin="1140.00" end="1200.00" id="e1det_BAve~WB_0" nVehContrib="8" flow="480.00" occupancy="16.36" speed="5.98" length="6.00" nVehEntered="8"/>
   <interval begin="1140.00" end="1200.00" id="e1det_BAve~WB_1" nVehContrib="6" flow="360.00" occupancy="9.03" speed="5.69" length="5.00" nVehEntered="6"/>
   <interval begin="1140.00" end="1200.00" id="e1det_BAve~EB_0" nVehContrib="0" flow="0.00" occupancy="0.00" speed="-1.00" length="-1.00" nVehEntered="0"/>
   <interval begin="1140.00" end="1200.00" id="e1det_BAve~EB_1" nVehContrib="5" flow="300.00" occupancy="7.59" speed="6.65" length="6.00" nVehEntered="5"/>
   <interval begin="1140.00" end="1200.00" id="e1det_Pell~WB_0" nVehContrib="2" flow="120.00" occupancy="95.19" speed="0.96" length="6.00" nVehEntered="2"/>
   <interval begin="1140.00" end="1200.00" id="e1det_Pell~WB_1" nVehContrib="1" flow="60.00" occupancy="97.53" speed="0.18" length="13.00" nVehEntered="1"/>
   <interval begin="1140.00" end="1200.00" id="e1det_RKL~SB_0" nVehContrib="10" flow="600.00" occupancy="52.31" speed="5.48" length="6.70" nVehEntered="30"/>
   <interval begin="1140.00" end="1200.00" id="e1det_RKL~SB_1" nVehContrib="9" flow="540.00" occupancy="48.04" speed="5.67" length="5.56" nVehEntered="18"/>
   <interval begin="1140.00" end="1200.00" id="e1det_Best~EB_0" nVehContrib="4" flow="240.00" occupancy="85.42" speed="0.54" length="6.00" nVehEntered="5"/>
   <interval begin="1140.00" end="1200.00" id="e1det_Best~EB_1" nVehContrib="1" flow="60.00" occupancy="93.78" speed="0.02" length="4.00" nVehEntered="1"/>
   <interval begin="1140.00" end="1200.00" id="e1det_SteS~SB_0" nVehContrib="5" flow="300.00" occupancy="14.46" speed="3.46" length="6.00" nVehEntered="5"/>
   <interval begin="1200.00" end="1260.00" id="e1det_BAve~WB_0" nVehContrib="12" flow="720.00" occupancy="22.02" speed="6.22" length="7.00" nVehEntered="12"/>
   <interval begin="1200.00" end="1260.00" id="e1det_BAve~WB_1" nVehContrib="8" flow="480.00" occupancy="13.35" speed="6.48" length="5.75" nVehEntered="8"/>
   <interval begin="1200.00" end="1260.00" id="e1det_BAve~EB_0" nVehContrib="0" flow="0.00" occupancy="0.00" speed="-1.00" length="-1.00" nVehEntered="0"/>
   <interval begin="1200.00" end="1260.00" id="e1det_BAve~EB_1" nVehContrib="2" flow="120.00" occupancy="3.51" speed="6.06" length="6.00" nVehEntered="2"/>
   <interval begin="1200.00" end="1260.00" id="e1det_Pell~WB_0" nVehContrib="5" flow="300.00" occupancy="87.65" speed="2.88" length="6.00" nVehEntered="7"/>
   <interval begin="1200.00" end="1260.00" id="e1det_Pell~WB_1" nVehContrib="2" flow="120.00" occupancy="95.77" speed="0.19" length="6.00" nVehEntered="2"/>
   <interval begin="1200.00" end="1260.00" id="e1det_RKL~SB_0" nVehContrib="13" flow="780.00" occupancy="66.52" speed="2.56" length="5.85" nVehEntered="29"/>
   <interval begin="1200.00" end="1260.00" id="e1det_RKL~SB_1" nVehContrib="16" flow="960.00" occupancy="60.48" speed="2.98" length="5.75" nVehEntered="18"/>
   <interval begin="1200.00" end="1260.00" id="e1det_Best~EB_0" nVehContrib="2" flow="120.00" occupancy="90.79" speed="0.45" length="6.00" nVehEntered="2"/>
   <interval begin="1200.00" end="1260.00" id="e1det_Best~EB_1" nVehContrib="0" flow="0.00" occupancy="100.00" speed="-1.00" length="-1.00" nVehEntered="0"/>
   <interval begin="1200.00" end="1260.00" id="e1det_SteS~SB_0" nVehContrib="4" flow="240.00" occupancy="14.14" speed="3.43" length="6.00" nVehEntered="4"/>
   <interval begin="1260.00" end="1320.00" id="e1det_BAve~WB_0" nVehContrib="14" flow="840.00" occupancy="26.42" speed="5.76" length="6.00" nVehEntered="14"/>
   <interval begin="1260.00" end="1320.00" id="e1det_BAve~WB_1" nVehContrib="9" flow="540.00" occupancy="18.16" speed="5.35" length="5.56" nVehEntered="9"/>
   <interval begin="1260.00" end="1320.00" id="e1det_BAve~EB_0" nVehContrib="0" flow="0.00" occupancy="0.00" speed="-1.00" length="-1.00" nVehEntered="0"/>
   <interval begin="1260.00" end="1320.00" id="e1det_BAve~EB_1" nVehContrib="6" flow="360.00" occupancy="6.55" speed="6.93" length="4.67" nVehEntered="6"/>
   <interval begin="1260.00" end="1320.00" id="e1det_Pell~WB_0" nVehContrib="5" flow="300.00" occupancy="87.06" speed="1.56" length="6.00" nVehEntered="10"/>
   <interval begin="1260.00" end="1320.00" id="e1det_Pell~WB_1" nVehContrib="2" flow="120.00" occupancy="96.08" speed="0.15" length="5.00" nVehEntered="2"/>
   <interval begin="1260.00" end="1320.00" id="e1det_RKL~SB_0" nVehContrib="11" flow="660.00" occupancy="71.51" speed="2.78" length="6.00" nVehEntered="27"/>
   <interval begin="1260.00" end="1320.00" id="e1det_RKL~SB_1" nVehContrib="10" flow="600.00" occupancy="73.92" speed="3.36" length="7.20" nVehEntered="11"/>
   <interval begin="1260.00" end="1320.00" id="e1det_Best~EB_0" nVehContrib="4" flow="240.00" occupancy="82.18" speed="0.63" length="6.00" nVehEntered="4"/>
   <interval begin="1260.00" end="1320.00" id="e1det_Best~EB_1" nVehContrib="1" flow="60.00" occupancy="99.00" speed="0.04" length="6.00" nVehEntered="1"/>
   <interval begin="1260.00" end="1320.00" id="e1det_SteS~SB_0" nVehContrib="5" flow="300.00" occupancy="11.07" speed="3.23" length="5.20" nVehEntered="5"/>
   <interval begin="1320.00" end="1380.00" id="e1det_BAve~WB_0" nVehContrib="8" flow="480.00" occupancy="16.05" speed="5.60" length="6.63" nVehEntered="8"/>
   <interval begin="1320.00" end="1380.00" id="e1det_BAve~WB_1" nVehContrib="6" flow="360.00" occupancy="10.22" speed="6.26" length="6.00" nVehEntered="6"/>
   <interval begin="1320.00" end="1380.00" id="e1det_BAve~EB_0" nVehContrib="0" flow="0.00" occupancy="0.00" speed="-1.00" length="-1.00" nVehEntered="0"/>
   <interval begin="1320.00" end="1380.00" id="e1det_BAve~EB_1" nVehContrib="2" flow="120.00" occupancy="3.15" speed="6.40" length="6.00" nVehEntered="2"/>
   <interval begin="1320.00" end="1380.00" id="e1det_Pell~WB_0" nVehContrib="7" flow="420.00" occupancy="83.40" speed="2.00" length="5.14" nVehEntered="9"/>
   <interval begin="1320.00" end="1380.00" id="e1det_Pell~WB_1" nVehContrib="1" flow="60.00" occupancy="97.76" speed="0.13" length="6.00" nVehEntered="1"/>
   <interval begin="1320.00" end="1380.00" id="e1det_RKL~SB_0" nVehContrib="9" flow="540.00" occupancy="70.50" speed="2.88" length="6.11" nVehEntered="25"/>
   <interval begin="1320.00" end="1380.00" id="e1det_RKL~SB_1" nVehContrib="12" flow="720.00" occupancy="65.46" speed="3.07" length="5.83" nVehEntered="13"/>
   <interval begin="1320.00" end="1380.00" id="e1det_Best~EB_0" nVehContrib="3" flow="180.00" occupancy="89.48" speed="0.65" length="5.33" nVehEntered="4"/>
   <interval begin="1320.00" end="1380.00" id="e1det_Best~EB_1" nVehContrib="0" flow="0.00" occupancy="94.43" speed="-1.00" length="-1.00" nVehEntered="0"/>
   <interval begin="1320.00" end="1380.00" id="e1det_SteS~SB_0" nVehContrib="5" flow="300.00" occupancy="17.98" speed="3.40" length="7.40" nVehEntered="5"/>
   <interval begin="1380.00" end="1440.00" id="e1det_BAve~WB_0" nVehContrib="9" flow="540.00" occupancy="22.61" speed="4.50" length="5.78" nVehEntered="9"/>
   <interval begin="1380.00" end="1440.00" id="e1det_BAve~WB_1" nVehContrib="3" flow="180.00" occupancy="6.73" speed="4.64" length="6.00" nVehEntered="3"/>
   <interval begin="1380.00" end="1440.00" id="e1det_BAve~EB_0" nVehContrib="0" flow="0.00" occupancy="0.00" speed="-1.00" length="-1.00" nVehEntered="0"/>
   <interval begin="1380.00" end="1440.00" id="e1det_BAve~EB_1" nVehContrib="2" flow="120.00" occupancy="4.45" speed="7.01" length="9.50" nVehEntered="2"/>
   <interval begin="1380.00" end="1440.00" id="e1det_Pell~WB_0" nVehContrib="6" flow="360.00" occupancy="84.52" speed="2.61" length="6.00" nVehEntered="7"/>
   <interval begin="1380.00" end="1440.00" id="e1det_Pell~WB_1" nVehContrib="1" flow="60.00" occupancy="97.54" speed="0.22" length="6.00" nVehEntered="1"/>
   <interval begin="1380.00" end="1440.00" id="e1det_RKL~SB_0" nVehContrib="12" flow="720.00" occupancy="52.33" speed="4.04" length="5.50" nVehEntered="28"/>
   <interval begin="1380.00" end="1440.00" id="e1det_RKL~SB_1" nVehContrib="6" flow="360.00" occupancy="77.82" speed="3.63" length="7.17" nVehEntered="12"/>
   <interval begin="1380.00" end="1440.00" id="e1det_Best~EB_0" nVehContrib="2" flow="120.00" occupancy="90.72" speed="0.55" length="6.00" nVehEntered="2"/>
   <interval begin="1380.00" end="1440.00" id="e1det_Best~EB_1" nVehContrib="0" flow="0.00" occupancy="100.00" speed="-1.00" length="-1.00" nVehEntered="0"/>
   <interval begin="1380.00" end="1440.00" id="e1det_SteS~SB_0" nVehContrib="5" flow="300.00" occupancy="16.61" speed="3.50" length="7.00" nVehEntered="5"/>
   <interval begin="1440.00" end="1500.00" id="e1det_BAve~WB_0" nVehContrib="10" flow="600.00" occupancy="20.94" speed="5.59" length="6.00" nVehEntered="10"/>
   <interval begin="1440.00" end="1500.00" id="e1det_BAve~WB_1" nVehContrib="5" flow="300.00" occupancy="13.03" speed="6.04" length="8.40" nVehEntered="5"/>
   <interval begin="1440.00" end="1500.00" id="e1det_BAve~EB_0" nVehContrib="0" flow="0.00" occupancy="0.00" speed="-1.00" length="-1.00" nVehEntered="0"/>
   <interval begin="1440.00" end="1500.00" id="e1det_BAve~EB_1" nVehContrib="4" flow="240.00" occupancy="7.83" speed="6.53" length="7.75" nVehEntered="4"/>
   <interval begin="1440.00" end="1500.00" id="e1det_Pell~WB_0" nVehContrib="1" flow="60.00" occupancy="97.90" speed="0.10" length="6.00" nVehEntered="3"/>
   <interval begin="1440.00" end="1500.00" id="e1det_Pell~WB_1" nVehContrib="2" flow="120.00" occupancy="95.67" speed="0.89" length="6.00" nVehEntered="2"/>
   <interval begin="1440.00" end="1500.00" id="e1det_RKL~SB_0" nVehContrib="14" flow="840.00" occupancy="25.19" speed="6.22" length="6.50" nVehEntered="30"/>
   <interval begin="1440.00" end="1500.00" id="e1det_RKL~SB_1" nVehContrib="16" flow="960.00" occupancy="41.49" speed="4.71" length="6.19" nVehEntered="18"/>
   <interval begin="1440.00" end="1500.00" id="e1det_Best~EB_0" nVehContrib="3" flow="180.00" occupancy="86.48" speed="0.68" length="6.00" nVehEntered="4"/>
   <interval begin="1440.00" end="1500.00" id="e1det_Best~EB_1" nVehContrib="1" flow="60.00" occupancy="93.18" speed="0.03" length="4.00" nVehEntered="1"/>
   <interval begin="1440.00" end="1500.00" id="e1det_SteS~SB_0" nVehContrib="5" flow="300.00" occupancy="15.27" speed="3.29" length="6.00" nVehEntered="5"/>
   <interval begin="1500.00" end="1560.00" id="e1det_BAve~WB_0" nVehContrib="11" flow="660.00" occupancy="17.24" speed="6.52" length="6.00" nVehEntered="11"/>
   <interval begin="1500.00" end="1560.00" id="e1det_BAve~WB_1" nVehContrib="4" flow="240.00" occupancy="6.36" speed="6.60" length="6.00" nVehEntered="4"/>
   <interval begin="1500.00" end="1560.00" id="e1det_BAve~EB_0" nVehContrib="0" flow="0.00" occupancy="0.00" speed="-1.00" length="-1.00" nVehEntered="0"/>
   <interval begin="1500.00" end="1560.00" id="e1det_BAve~EB_1" nVehContrib="2" flow="120.00" occupancy="3.38" speed="5.92" length="6.00" nVehEntered="2"/>
   <interval begin="1500.00" end="1560.00" id="e1det_Pell~WB_0" nVehContrib="1" flow="60.00" occupancy="97.73" speed="0.11" length="6.00" nVehEntered="1"/>
   <interval begin="1500.00" end="1560.00" id="e1det_Pell~WB_1" nVehContrib="1" flow="60.00" occupancy="97.87" speed="0.12" length="6.00" nVehEntered="1"/>
   <interval begin="1500.00" end="1560.00" id="e1det_RKL~SB_0" nVehContrib="14" flow="840.00" occupancy="44.36" speed="3.64" length="6.00" nVehEntered="27"/>
   <interval begin="1500.00" end="1560.00" id="e1det_RKL~SB_1" nVehContrib="18" flow="1080.00" occupancy="52.22" speed="3.64" length="5.78" nVehEntered="19"/>
   <interval begin="1500.00" end="1560.00" id="e1det_Best~EB_0" nVehContrib="2" flow="120.00" occupancy="93.50" speed="0.49" length="5.00" nVehEntered="2"/>
   <interval begin="1500.00" end="1560.00" id="e1det_Best~EB_1" nVehContrib="0" flow="0.00" occupancy="100.00" speed="-1.00" length="-1.00" nVehEntered="0"/>
   <interval begin="1500.00" end="1560.00" id="e1det_SteS~SB_0" nVehContrib="5" flow="300.00" occupancy="13.69" speed="3.44" length="5.60" nVehEntered="5"/>
   <interval begin="1560.00" end="1620.00" id="e1det_BAve~WB_0" nVehContrib="10" flow="600.00" occupancy="16.57" speed="6.34" length="6.00" nVehEntered="10"/>
   <interval begin="1560.00" end="1620.00" id="e1det_BAve~WB_1" nVehContrib="10" flow="600.00" occupancy="16.76" speed="6.37" length="5.80" nVehEntered="10"/>
   <interval begin="1560.00" end="1620.00" id="e1det_BAve~EB_0" nVehContrib="0" flow="0.00" occupancy="0.00" speed="-1.00" length="-1.00" nVehEntered="0"/>
   <interval begin="1560.00" end="1620.00" id="e1det_BAve~EB_1" nVehContrib="1" flow="60.00" occupancy="1.45" speed="6.92" length="6.00" nVehEntered="1"/>
   <interval begin="1560.00" end="1620.00" id="e1det_Pell~WB_0" nVehContrib="13" flow="780.00" occupancy="67.51" speed="4.70" length="5.38" nVehEntered="22"/>
   <interval begin="1560.00" end="1620.00" id="e1det_Pell~WB_1" nVehContrib="10" flow="600.00" occupancy="52.14" speed="4.74" length="5.40" nVehEntered="14"/>
   <interval begin="1560.00" end="1620.00" id="e1det_RKL~SB_0" nVehContrib="1" flow="60.00" occupancy="18.67" speed="0.54" length="6.00" nVehEntered="17"/>
   <interval begin="1560.00" end="1620.00" id="e1det_RKL~SB_1" nVehContrib="0" flow="0.00" occupancy="0.00" speed="-1.00" length="-1.00" nVehEntered="3"/>
   <interval begin="1560.00" end="1620.00" id="e1det_Best~EB_0" nVehContrib="2" flow="120.00" occupancy="93.25" speed="0.18" length="6.00" nVehEntered="2"/>
   <interval begin="1560.00" end="1620.00" id="e1det_Best~EB_1" nVehContrib="0" flow="0.00" occupancy="100.00" speed="-1.00" length="-1.00" nVehEntered="0"/>
   <interval begin="1560.00" end="1620.00" id="e1det_SteS~SB_0" nVehContrib="4" flow="240.00" occupancy="13.14" speed="3.40" length="6.00" nVehEntered="4"/>
   <interval begin="1620.00" end="1680.00" id="e1det_BAve~WB_0" nVehContrib="13" flow="780.00" occupancy="21.59" speed="6.19" length="6.00" nVehEntered="13"/>
   <interval begin="1620.00" end="1680.00" id="e1det_BAve~WB_1" nVehContrib="7" flow="420.00" occupancy="12.00" speed="5.88" length="5.14" nVehEntered="7"/>
   <interval begin="1620.00" end="1680.00" id="e1det_BAve~EB_0" nVehContrib="0" flow="0.00" occupancy="0.00" speed="-1.00" length="-1.00" nVehEntered="1"/>
   <interval begin="1620.00" end="1680.00" id="e1det_BAve~EB_1" nVehContrib="1" flow="60.00" occupancy="1.82" speed="5.48" length="6.00" nVehEntered="1"/>
   <interval begin="1620.00" end="1680.00" id="e1det_Pell~WB_0" nVehContrib="0" flow="0.00" occupancy="100.00" speed="-1.00" length="-1.00" nVehEntered="4"/>
   <interval begin="1620.00" end="1680.00" id="e1det_Pell~WB_1" nVehContrib="0" flow="0.00" occupancy="100.00" speed="-1.00" length="-1.00" nVehEntered="0"/>
   <interval begin="1620.00" end="1680.00" id="e1det_RKL~SB_0" nVehContrib="14" flow="840.00" occupancy="48.51" speed="4.18" length="6.00" nVehEntered="24"/>
   <interval begin="1620.00" end="1680.00" id="e1det_RKL~SB_1" nVehContrib="10" flow="600.00" occupancy="41.86" speed="4.07" length="6.70" nVehEntered="10"/>
   <interval begin="1620.00" end="1680.00" id="e1det_Best~EB_0" nVehContrib="3" flow="180.00" occupancy="88.36" speed="0.35" length="5.33" nVehEntered="4"/>
   <interval begin="1620.00" end="1680.00" id="e1det_Best~EB_1" nVehContrib="1" flow="60.00" occupancy="90.33" speed="0.04" length="6.00" nVehEntered="1"/>
   <interval begin="1620.00" end="1680.00" id="e1det_SteS~SB_0" nVehContrib="5" flow="300.00" occupancy="12.35" speed="3.65" length="6.00" nVehEntered="5"/>
   <interval begin="1680.00" end="1740.00" id="e1det_BAve~WB_0" nVehContrib="8" flow="480.00" occupancy="15.40" speed="6.18" length="6.88" nVehEntered="8"/>
   <interval begin="1680.00" end="1740.00" id="e1det_BAve~WB_1" nVehContrib="5" flow="300.00" occupancy="9.06" speed="6.16" length="6.00" nVehEntered="5"/>
   <interval begin="1680.00" end="1740.00" id="e1det_BAve~EB_0" nVehContrib="0" flow="0.00" occupancy="0.00" speed="-1.00" length="-1.00" nVehEntered="0"/>
   <interval begin="1680.00" end="1740.00" id="e1det_BAve~EB_1" nVehContrib="2" flow="120.00" occupancy="3.53" speed="5.66" length="6.00" nVehEntered="2"/>
   <interval begin="1680.00" end="1740.00" id="e1det_Pell~WB_0" nVehContrib="4" flow="240.00" occupancy="91.10" speed="1.37" length="5.50" nVehEntered="5"/>
   <interval begin="1680.00" end="1740.00" id="e1det_Pell~WB_1" nVehContrib="1" flow="60.00" occupancy="98.12" speed="0.11" length="13.00" nVehEntered="1"/>
   <interval begin="1680.00" end="1740.00" id="e1det_RKL~SB_0" nVehContrib="8" flow="480.00" occupancy="78.60" speed="3.08" length="7.75" nVehEntered="21"/>
   <interval begin="1680.00" end="1740.00" id="e1det_RKL~SB_1" nVehContrib="19" flow="1140.00" occupancy="45.44" speed="4.53" length="5.79" nVehEntered="19"/>
   <interval begin="1680.00" end="1740.00" id="e1det_Best~EB_0" nVehContrib="3" flow="180.00" occupancy="89.20" speed="0.46" length="6.00" nVehEntered="3"/>
   <interval begin="1680.00" end="1740.00" id="e1det_Best~EB_1" nVehContrib="0" flow="0.00" occupancy="100.00" speed="-1.00" length="-1.00" nVehEntered="0"/>
   <interval begin="1680.00" end="1740.00" id="e1det_SteS~SB_0" nVehContrib="5" flow="300.00" occupancy="15.36" speed="3.26" length="6.00" nVehEntered="5"/>
   <interval begin="1740.00" end="1800.00" id="e1det_BAve~WB_0" nVehContrib="9" flow="540.00" occupancy="17.11" speed="6.04" length="6.78" nVehEntered="9"/>
   <interval begin="1740.00" end="1800.00" id="e1det_BAve~WB_1" nVehContrib="5" flow="300.00" occupancy="7.26" speed="6.56" length="5.60" nVehEntered="5"/>
   <interval begin="1740.00" end="1800.00" id="e1det_BAve~EB_0" nVehContrib="1" flow="60.00" occupancy="1.48" speed="6.76" length="6.00" nVehEntered="1"/>
   <interval begin="1740.00" end="1800.00" id="e1det_BAve~EB_1" nVehContrib="3" flow="180.00" occupancy="3.84" speed="6.96" length="5.33" nVehEntered="3"/>
   <interval begin="1740.00" end="1800.00" id="e1det_Pell~WB_0" nVehContrib="5" flow="300.00" occupancy="89.41" speed="0.77" length="6.60" nVehEntered="8"/>
   <interval begin="1740.00" end="1800.00" id="e1det_Pell~WB_1" nVehContrib="2" flow="120.00" occupancy="96.00" speed="0.22" length="6.00" nVehEntered="2"/>
   <interval begin="1740.00" end="1800.00" id="e1det_RKL~SB_0" nVehContrib="10" flow="600.00" occupancy="67.48" speed="4.32" length="5.80" nVehEntered="31"/>
   <interval begin="1740.00" end="1800.00" id="e1det_RKL~SB_1" nVehContrib="12" flow="720.00" occupancy="58.87" speed="4.05" length="6.42" nVehEntered="14"/>
   <interval begin="1740.00" end="1800.00" id="e1det_Best~EB_0" nVehContrib="5" flow="300.00" occupancy="85.88" speed="0.84" length="5.60" nVehEntered="5"/>
   <interval begin="1740.00" end="1800.00" id="e1det_Best~EB_1" nVehContrib="1" flow="60.00" occupancy="94.69" speed="0.03" length="4.00" nVehEntered="1"/>
   <interval begin="1740.00" end="1800.00" id="e1det_SteS~SB_0" nVehContrib="5" flow="300.00" occupancy="13.52" speed="3.47" length="5.60" nVehEntered="5"/>
   <interval begin="1800.00" end="1801.00" id="e1det_BAve~WB_0" nVehContrib="1" flow="3600.00" occupancy="73.79" speed="7.14" length="6.00" nVehEntered="1"/>
   <interval begin="1800.00" end="1801.00" id="e1det_BAve~WB_1" nVehContrib="0" flow="0.00" occupancy="51.87" speed="-1.00" length="-1.00" nVehEntered="0"/>
   <interval begin="1800.00" end="1801.00" id="e1det_BAve~EB_0" nVehContrib="0" flow="0.00" occupancy="0.00" speed="-1.00" length="-1.00" nVehEntered="0"/>
   <interval begin="1800.00" end="1801.00" id="e1det_BAve~EB_1" nVehContrib="0" flow="0.00" occupancy="0.00" speed="-1.00" length="-1.00" nVehEntered="0"/>
   <interval begin="1800.00" end="1801.00" id="e1det_Pell~WB_0" nVehContrib="0" flow="0.00" occupancy="100.00" speed="-1.00" length="-1.00" nVehEntered="0"/>
   <interval begin="1800.00" end="1801.00" id="e1det_Pell~WB_1" nVehContrib="0" flow="0.00" occupancy="100.00" speed="-1.00" length="-1.00" nVehEntered="0"/>
   <interval begin="1800.00" end="1801.00" id="e1det_RKL~SB_0" nVehContrib="1" flow="3600.00" occupancy="5.14" speed="0.23" length="6.00" nVehEntered="1"/>
   <interval begin="1800.00" end="1801.00" id="e1det_RKL~SB_1" nVehContrib="0" flow="0.00" occupancy="43.16" speed="-1.00" length="-1.00" nVehEntered="0"/>
   <interval begin="1800.00" end="1801.00" id="e1det_Best~EB_0" nVehContrib="0" flow="0.00" occupancy="100.00" speed="-1.00" length="-1.00" nVehEntered="0"/>
   <interval begin="1800.00" end="1801.00" id="e1det_Best~EB_1" nVehContrib="0" flow="0.00" occupancy="100.00" speed="-1.00" length="-1.00" nVehEntered="0"/>
   <interval begin="1800.00" end="1801.00" id="e1det_SteS~SB_0" nVehContrib="0" flow="0.00" occupancy="0.00" speed="-1.00" length="-1.00" nVehEntered="0"/>
</detector>
